Request URL,# Redirects,Status Code,URL,Error Message
http://dabbott.caseworkermp.com,1,302,http://dabbott.caseworkermp.com,
,,200,https://dabbott.caseworkermp.com/,
http://jabbott.caseworkermp.com,1,302,http://jabbott.caseworkermp.com,
,,200,https://jabbott.caseworkermp.com/,
http://dabrahams.caseworkermp.com,1,302,http://dabrahams.caseworkermp.com,
,,200,https://dabrahams.caseworkermp.com/,
http://sadam.caseworkermp.com,1,302,http://sadam.caseworkermp.com,
,,200,https://sadam.caseworkermp.com/,
http://zahmed.caseworkermp.com,1,302,http://zahmed.caseworkermp.com,
,,200,https://zahmed.caseworkermp.com/,
http://lakehurst.caseworkermp.com,1,302,http://lakehurst.caseworkermp.com,
,,200,https://lakehurst.caseworkermp.com/,
http://salhassan.caseworkermp.com,1,302,http://salhassan.caseworkermp.com,
,,200,https://salhassan.caseworkermp.com/,
http://balaba.caseworkermp.com,1,302,http://balaba.caseworkermp.com,
,,200,https://balaba.caseworkermp.com/,
http://daldridge.caseworkermp.com,1,302,http://daldridge.caseworkermp.com,
,,200,https://daldridge.caseworkermp.com/,
http://dalexander.caseworkermp.com,1,302,http://dalexander.caseworkermp.com,
,,200,https://dalexander.caseworkermp.com/,
http://halexander.caseworkermp.com,1,302,http://halexander.caseworkermp.com,
,,200,https://halexander.caseworkermp.com/,
http://rali.caseworkermp.com,1,302,http://rali.caseworkermp.com,
,,200,https://rali.caseworkermp.com/,
http://tali.caseworkermp.com,1,302,http://tali.caseworkermp.com,
,,200,https://tali.caseworkermp.com/,
http://rallinkhan.caseworkermp.com,1,302,http://rallinkhan.caseworkermp.com,
,,200,https://rallinkhan.caseworkermp.com/,
http://jallister.caseworkermp.com,1,302,http://jallister.caseworkermp.com,
,,500,https://jallister.caseworkermp.com/,
http://gamos.caseworkermp.com,1,302,http://gamos.caseworkermp.com,
,,200,https://gamos.caseworkermp.com/,
http://canderson.caseworkermp.com,1,302,http://canderson.caseworkermp.com,
,,200,https://canderson.caseworkermp.com/,
http://fanderson.caseworkermp.com,1,302,http://fanderson.caseworkermp.com,
,,200,https://fanderson.caseworkermp.com/,
http://landerson.caseworkermp.com,1,302,http://landerson.caseworkermp.com,
,,200,https://landerson.caseworkermp.com/,
http://sanderson.caseworkermp.com,1,302,http://sanderson.caseworkermp.com,
,,200,https://sanderson.caseworkermp.com/,
http://sandrew.caseworkermp.com,1,302,http://sandrew.caseworkermp.com,
,,200,https://sandrew.caseworkermp.com/,
http://tantoniazzi.caseworkermp.com,1,302,http://tantoniazzi.caseworkermp.com,
,,200,https://tantoniazzi.caseworkermp.com/,
http://saquarone.caseworkermp.com,1,302,http://saquarone.caseworkermp.com,
,,200,https://saquarone.caseworkermp.com/,
http://eargar.caseworkermp.com,1,302,http://eargar.caseworkermp.com,
,,200,https://eargar.caseworkermp.com/,
http://sarthur.caseworkermp.com,1,302,http://sarthur.caseworkermp.com,
,,200,https://sarthur.caseworkermp.com/,
http://jasato.caseworkermp.com,1,302,http://jasato.caseworkermp.com,
,,200,https://jasato.caseworkermp.com/,
http://jasser.caseworkermp.com,1,302,http://jasser.caseworkermp.com,
,,200,https://jasser.caseworkermp.com/,
http://jathwal.caseworkermp.com,1,302,http://jathwal.caseworkermp.com,
,,200,https://jathwal.caseworkermp.com/,
http://vatkins.caseworkermp.com,1,302,http://vatkins.caseworkermp.com,
,,200,https://vatkins.caseworkermp.com/,
http://catkinson.caseworkermp.com,1,302,http://catkinson.caseworkermp.com,
,,200,https://catkinson.caseworkermp.com/,
http://latkinson.caseworkermp.com,1,302,http://latkinson.caseworkermp.com,
,,200,https://latkinson.caseworkermp.com/,
http://jbabarinde.caseworkermp.com,1,302,http://jbabarinde.caseworkermp.com,
,,200,https://jbabarinde.caseworkermp.com/,
http://gbacon.caseworkermp.com,1,302,http://gbacon.caseworkermp.com,
,,200,https://gbacon.caseworkermp.com/,
http://kbadenoch.caseworkermp.com,1,302,http://kbadenoch.caseworkermp.com,
,,200,https://kbadenoch.caseworkermp.com/,
http://cbailey.caseworkermp.com,1,302,http://cbailey.caseworkermp.com,
,,200,https://cbailey.caseworkermp.com/,
http://obailey.caseworkermp.com,1,302,http://obailey.caseworkermp.com,
,,200,https://obailey.caseworkermp.com/,
http://dbaines.caseworkermp.com,1,302,http://dbaines.caseworkermp.com,
,,200,https://dbaines.caseworkermp.com/,
http://abaker.caseworkermp.com,1,302,http://abaker.caseworkermp.com,
,,200,https://abaker.caseworkermp.com/,
http://rbaker.caseworkermp.com,1,302,http://rbaker.caseworkermp.com,
,,200,https://rbaker.caseworkermp.com/,
http://hbaldwin.caseworkermp.com,1,302,http://hbaldwin.caseworkermp.com,
,,200,https://hbaldwin.caseworkermp.com/,
http://aballinger.caseworkermp.com,1,302,http://aballinger.caseworkermp.com,
,,200,https://aballinger.caseworkermp.com/,
http://abance.caseworkermp.com,1,302,http://abance.caseworkermp.com,
,,200,https://abance.caseworkermp.com/,
http://sbarclay.caseworkermp.com,1,302,http://sbarclay.caseworkermp.com,
,,200,https://sbarclay.caseworkermp.com/,
http://pbarker.caseworkermp.com,1,302,http://pbarker.caseworkermp.com,
,,200,https://pbarker.caseworkermp.com/,
http://lbarron.caseworkermp.com,1,302,http://lbarron.caseworkermp.com,
,,200,https://lbarron.caseworkermp.com/,
http://abarroscurtis.caseworkermp.com,1,302,http://abarroscurtis.caseworkermp.com,
,,200,https://abarroscurtis.caseworkermp.com/,
http://jbaxter.caseworkermp.com,1,302,http://jbaxter.caseworkermp.com,
,,200,https://jbaxter.caseworkermp.com/,
http://dbeales.caseworkermp.com,1,302,http://dbeales.caseworkermp.com,
,,200,https://dbeales.caseworkermp.com/,
http://lbeavers.caseworkermp.com,1,302,http://lbeavers.caseworkermp.com,
,,200,https://lbeavers.caseworkermp.com/,
http://pbedford.caseworkermp.com,1,302,http://pbedford.caseworkermp.com,
,,200,https://pbedford.caseworkermp.com/,
http://rbegley.caseworkermp.com,1,302,http://rbegley.caseworkermp.com,
,,500,https://rbegley.caseworkermp.com/,
http://abegum.caseworkermp.com,1,302,http://abegum.caseworkermp.com,
,,200,https://abegum.caseworkermp.com/,
http://tbell.caseworkermp.com,1,302,http://tbell.caseworkermp.com,
,,200,https://tbell.caseworkermp.com/,
http://hbenn.caseworkermp.com,1,302,http://hbenn.caseworkermp.com,
,,200,https://hbenn.caseworkermp.com/,
http://abennett.caseworkermp.com,1,302,http://abennett.caseworkermp.com,
,,200,https://abennett.caseworkermp.com/,
http://sberry.caseworkermp.com,1,302,http://sberry.caseworkermp.com,
,,200,https://sberry.caseworkermp.com/,
http://cbetts.caseworkermp.com,1,302,http://cbetts.caseworkermp.com,
,,200,https://cbetts.caseworkermp.com/,
http://sbhatti.caseworkermp.com,1,302,http://sbhatti.caseworkermp.com,
,,200,https://sbhatti.caseworkermp.com/,
http://pbillington.caseworkermp.com,1,302,http://pbillington.caseworkermp.com,
,,200,https://pbillington.caseworkermp.com/,
http://mbishop.caseworkermp.com,1,302,http://mbishop.caseworkermp.com,
,,200,https://mbishop.caseworkermp.com/,
http://bblackman.caseworkermp.com,1,302,http://bblackman.caseworkermp.com,
,,200,https://bblackman.caseworkermp.com/,
http://kblackman.caseworkermp.com,1,302,http://kblackman.caseworkermp.com,
,,200,https://kblackman.caseworkermp.com/,
http://oblake.caseworkermp.com,1,302,http://oblake.caseworkermp.com,
,,200,https://oblake.caseworkermp.com/,
http://rblake.caseworkermp.com,1,302,http://rblake.caseworkermp.com,
,,200,https://rblake.caseworkermp.com/,
http://cbloore.caseworkermp.com,1,302,http://cbloore.caseworkermp.com,
,,200,https://cbloore.caseworkermp.com/,
http://eblundell.caseworkermp.com,1,302,http://eblundell.caseworkermp.com,
,,200,https://eblundell.caseworkermp.com/,
http://kbonavia.caseworkermp.com,1,302,http://kbonavia.caseworkermp.com,
,,200,https://kbonavia.caseworkermp.com/,
http://sbool.caseworkermp.com,1,302,http://sbool.caseworkermp.com,
,,200,https://sbool.caseworkermp.com/,
http://jbotterill.caseworkermp.com,1,302,http://jbotterill.caseworkermp.com,
,,200,https://jbotterill.caseworkermp.com/,
http://abowie.caseworkermp.com,1,302,http://abowie.caseworkermp.com,
,,200,https://abowie.caseworkermp.com/,
http://sbrackenridge.caseworkermp.com,1,302,http://sbrackenridge.caseworkermp.com,
,,200,https://sbrackenridge.caseworkermp.com/,
http://kbradley.caseworkermp.com,1,302,http://kbradley.caseworkermp.com,
,,200,https://kbradley.caseworkermp.com/,
http://abrandreth.caseworkermp.com,1,302,http://abrandreth.caseworkermp.com,
,,200,https://abrandreth.caseworkermp.com/,
http://jbrash.caseworkermp.com,1,302,http://jbrash.caseworkermp.com,
,,200,https://jbrash.caseworkermp.com/,
http://sbraverman.caseworkermp.com,1,302,http://sbraverman.caseworkermp.com,
,,200,https://sbraverman.caseworkermp.com/,
http://abrewer.caseworkermp.com,1,302,http://abrewer.caseworkermp.com,
,,200,https://abrewer.caseworkermp.com/,
http://pbrickell.caseworkermp.com,1,302,http://pbrickell.caseworkermp.com,
,,200,https://pbrickell.caseworkermp.com/,
http://jbrownfuller.caseworkermp.com,1,302,http://jbrownfuller.caseworkermp.com,
,,200,https://jbrownfuller.caseworkermp.com/,
http://cbryant.caseworkermp.com,1,302,http://cbryant.caseworkermp.com,
,,200,https://cbryant.caseworkermp.com/,
http://jbuckley.caseworkermp.com,1,302,http://jbuckley.caseworkermp.com,
,,200,https://jbuckley.caseworkermp.com/,
http://aburghart.caseworkermp.com,1,302,http://aburghart.caseworkermp.com,
,,200,https://aburghart.caseworkermp.com/,
http://rburgon.caseworkermp.com,1,302,http://rburgon.caseworkermp.com,
,,200,https://rburgon.caseworkermp.com/,
http://mburke.caseworkermp.com,1,302,http://mburke.caseworkermp.com,
,,200,https://mburke.caseworkermp.com/,
http://dburtonsampson.caseworkermp.com,1,302,http://dburtonsampson.caseworkermp.com,
,,200,https://dburtonsampson.caseworkermp.com/,
http://dbutler.caseworkermp.com,1,302,http://dbutler.caseworkermp.com,
,,200,https://dbutler.caseworkermp.com/,
http://ibyrne.caseworkermp.com,1,302,http://ibyrne.caseworkermp.com,
,,200,https://ibyrne.caseworkermp.com/,
http://lbyrne.caseworkermp.com,1,302,http://lbyrne.caseworkermp.com,
,,200,https://lbyrne.caseworkermp.com/,
http://rcadbury.caseworkermp.com,1,302,http://rcadbury.caseworkermp.com,
,,200,https://rcadbury.caseworkermp.com/,
http://ncaliskan.caseworkermp.com,1,302,http://ncaliskan.caseworkermp.com,
,,200,https://ncaliskan.caseworkermp.com/,
http://acampbell.caseworkermp.com,1,302,http://acampbell.caseworkermp.com,
,,500,https://acampbell.caseworkermp.com/,
http://gcampbell.caseworkermp.com,1,302,http://gcampbell.caseworkermp.com,
,,500,https://gcampbell.caseworkermp.com/,
http://icampbell.caseworkermp.com,1,302,http://icampbell.caseworkermp.com,
,,200,https://icampbell.caseworkermp.com/,
http://jcampbell.caseworkermp.com,1,302,http://jcampbell.caseworkermp.com,
,,200,https://jcampbell.caseworkermp.com/,
http://mcampbellsavours.caseworkermp.com,1,302,http://mcampbellsavours.caseworkermp.com,
,,200,https://mcampbellsavours.caseworkermp.com/,
http://ccane.caseworkermp.com,1,302,http://ccane.caseworkermp.com,
,,200,https://ccane.caseworkermp.com/,
http://dcarden.caseworkermp.com,1,302,http://dcarden.caseworkermp.com,
,,200,https://dcarden.caseworkermp.com/,
http://scarling.caseworkermp.com,1,302,http://scarling.caseworkermp.com,
,,200,https://scarling.caseworkermp.com/,
http://acarmichael.caseworkermp.com,1,302,http://acarmichael.caseworkermp.com,
,,200,https://acarmichael.caseworkermp.com/,
http://acarns.caseworkermp.com,1,302,http://acarns.caseworkermp.com,
,,200,https://acarns.caseworkermp.com/,
http://jcartlidge.caseworkermp.com,1,302,http://jcartlidge.caseworkermp.com,
,,200,https://jcartlidge.caseworkermp.com/,
http://dchadwick.caseworkermp.com,1,302,http://dchadwick.caseworkermp.com,
,,200,https://dchadwick.caseworkermp.com/,
http://wchamberlain.caseworkermp.com,1,302,http://wchamberlain.caseworkermp.com,
,,500,https://wchamberlain.caseworkermp.com/,
http://dchambers.caseworkermp.com,1,302,http://dchambers.caseworkermp.com,
,,200,https://dchambers.caseworkermp.com/,
http://schampion.caseworkermp.com,1,302,http://schampion.caseworkermp.com,
,,200,https://schampion.caseworkermp.com/,
http://bcharalambous.caseworkermp.com,1,302,http://bcharalambous.caseworkermp.com,
,,200,https://bcharalambous.caseworkermp.com/,
http://lcharters.caseworkermp.com,1,302,http://lcharters.caseworkermp.com,
,,200,https://lcharters.caseworkermp.com/,
http://cchope.caseworkermp.com,1,302,http://cchope.caseworkermp.com,
,,500,https://cchope.caseworkermp.com/,
http://echowns.caseworkermp.com,1,302,http://echowns.caseworkermp.com,
,,200,https://echowns.caseworkermp.com/,
http://fclark.caseworkermp.com,1,302,http://fclark.caseworkermp.com,
,,200,https://fclark.caseworkermp.com/,
http://jcleverly.caseworkermp.com,1,302,http://jcleverly.caseworkermp.com,
,,200,https://jcleverly.caseworkermp.com/,
http://gcliftonbrown.caseworkermp.com,1,302,http://gcliftonbrown.caseworkermp.com,
,,200,https://gcliftonbrown.caseworkermp.com/,
http://lcocking.caseworkermp.com,1,302,http://lcocking.caseworkermp.com,
,,200,https://lcocking.caseworkermp.com/,
http://ccoghlan.caseworkermp.com,1,302,http://ccoghlan.caseworkermp.com,
,,200,https://ccoghlan.caseworkermp.com/,
http://bcoleman.caseworkermp.com,1,302,http://bcoleman.caseworkermp.com,
,,200,https://bcoleman.caseworkermp.com/,
http://jcollier.caseworkermp.com,1,302,http://jcollier.caseworkermp.com,
,,200,https://jcollier.caseworkermp.com/,
http://lcollinge.caseworkermp.com,1,302,http://lcollinge.caseworkermp.com,
,,200,https://lcollinge.caseworkermp.com/,
http://tcollins.caseworkermp.com,1,302,http://tcollins.caseworkermp.com,
,,200,https://tcollins.caseworkermp.com/,
http://vcollins.caseworkermp.com,1,302,http://vcollins.caseworkermp.com,
,,200,https://vcollins.caseworkermp.com/,
http://lconlon.caseworkermp.com,1,302,http://lconlon.caseworkermp.com,
,,200,https://lconlon.caseworkermp.com/,
http://scoombes.caseworkermp.com,1,302,http://scoombes.caseworkermp.com,
,,200,https://scoombes.caseworkermp.com/,
http://acooper.caseworkermp.com,1,302,http://acooper.caseworkermp.com,
,,200,https://acooper.caseworkermp.com/,
http://bcooper.caseworkermp.com,1,302,http://bcooper.caseworkermp.com,
,,200,https://bcooper.caseworkermp.com/,
http://dcooper.caseworkermp.com,1,302,http://dcooper.caseworkermp.com,
,,200,https://dcooper.caseworkermp.com/,
http://jcooper.caseworkermp.com,1,302,http://jcooper.caseworkermp.com,
,,200,https://jcooper.caseworkermp.com/,
http://ycooper.caseworkermp.com,1,302,http://ycooper.caseworkermp.com,
,,200,https://ycooper.caseworkermp.com/,
http://jcorbyn.caseworkermp.com,1,302,http://jcorbyn.caseworkermp.com,
,,200,https://jcorbyn.caseworkermp.com/,
http://acosta.caseworkermp.com,1,302,http://acosta.caseworkermp.com,
,,200,https://acosta.caseworkermp.com/,
http://dcostigan.caseworkermp.com,1,302,http://dcostigan.caseworkermp.com,
,,200,https://dcostigan.caseworkermp.com/,
http://ccoutinho.caseworkermp.com,1,302,http://ccoutinho.caseworkermp.com,
,,200,https://ccoutinho.caseworkermp.com/,
http://gcox.caseworkermp.com,1,302,http://gcox.caseworkermp.com,
,,200,https://gcox.caseworkermp.com/,
http://pcox.caseworkermp.com,1,302,http://pcox.caseworkermp.com,
,,200,https://pcox.caseworkermp.com/,
http://ncoyle.caseworkermp.com,1,302,http://ncoyle.caseworkermp.com,
,,200,https://ncoyle.caseworkermp.com/,
http://jcraft.caseworkermp.com,1,302,http://jcraft.caseworkermp.com,
,,200,https://jcraft.caseworkermp.com/,
http://mcreagh.caseworkermp.com,1,302,http://mcreagh.caseworkermp.com,
,,200,https://mcreagh.caseworkermp.com/,
http://screasy.caseworkermp.com,1,302,http://screasy.caseworkermp.com,
,,500,https://screasy.caseworkermp.com/,
http://tcrichton.caseworkermp.com,1,302,http://tcrichton.caseworkermp.com,
,,200,https://tcrichton.caseworkermp.com/,
http://hcross.caseworkermp.com,1,302,http://hcross.caseworkermp.com,
,,200,https://hcross.caseworkermp.com/,
http://pcullen.caseworkermp.com,1,302,http://pcullen.caseworkermp.com,
,,200,https://pcullen.caseworkermp.com/,
http://jcummins.caseworkermp.com,1,302,http://jcummins.caseworkermp.com,
,,200,https://jcummins.caseworkermp.com/,
http://ccurtis.caseworkermp.com,1,302,http://ccurtis.caseworkermp.com,
,,200,https://ccurtis.caseworkermp.com/,
http://jdaby.caseworkermp.com,1,302,http://jdaby.caseworkermp.com,
,,200,https://jdaby.caseworkermp.com/,
http://ndakin.caseworkermp.com,1,302,http://ndakin.caseworkermp.com,
,,200,https://ndakin.caseworkermp.com/,
http://adalton.caseworkermp.com,1,302,http://adalton.caseworkermp.com,
,,200,https://adalton.caseworkermp.com/,
http://adance.caseworkermp.com,1,302,http://adance.caseworkermp.com,
,,200,https://adance.caseworkermp.com/,
http://sdarling.caseworkermp.com,1,302,http://sdarling.caseworkermp.com,
,,200,https://sdarling.caseworkermp.com/,
http://edarlington.caseworkermp.com,1,302,http://edarlington.caseworkermp.com,
,,200,https://edarlington.caseworkermp.com/,
http://edavey.caseworkermp.com,1,302,http://edavey.caseworkermp.com,
,,200,https://edavey.caseworkermp.com/,
http://adavies.caseworkermp.com,1,302,http://adavies.caseworkermp.com,
,,200,https://adavies.caseworkermp.com/,
http://gdavies.caseworkermp.com,1,302,http://gdavies.caseworkermp.com,
,,200,https://gdavies.caseworkermp.com/,
http://jdavies.caseworkermp.com,1,302,http://jdavies.caseworkermp.com,
,,200,https://jdavies.caseworkermp.com/,
http://mdavies.caseworkermp.com,1,302,http://mdavies.caseworkermp.com,
,,200,https://mdavies.caseworkermp.com/,
http://pdavies.caseworkermp.com,1,302,http://pdavies.caseworkermp.com,
,,500,https://pdavies.caseworkermp.com/,
http://sdavies.caseworkermp.com,1,302,http://sdavies.caseworkermp.com,
,,200,https://sdavies.caseworkermp.com/,
http://adaviesjones.caseworkermp.com,1,302,http://adaviesjones.caseworkermp.com,
,,500,https://adaviesjones.caseworkermp.com/,
http://ddavis.caseworkermp.com,1,302,http://ddavis.caseworkermp.com,
,,500,https://ddavis.caseworkermp.com/,
http://mdecordova.caseworkermp.com,1,302,http://mdecordova.caseworkermp.com,
,,200,https://mdecordova.caseworkermp.com/,
http://bdean.caseworkermp.com,1,302,http://bdean.caseworkermp.com,
,,200,https://bdean.caseworkermp.com/,
http://jdean.caseworkermp.com,1,302,http://jdean.caseworkermp.com,
,,200,https://jdean.caseworkermp.com/,
http://kdearden.caseworkermp.com,1,302,http://kdearden.caseworkermp.com,
,,200,https://kdearden.caseworkermp.com/,
http://cdenyer.caseworkermp.com,1,302,http://cdenyer.caseworkermp.com,
,,200,https://cdenyer.caseworkermp.com/,
http://cdewhirst.caseworkermp.com,1,302,http://cdewhirst.caseworkermp.com,
,,200,https://cdewhirst.caseworkermp.com/,
http://tdhesi.caseworkermp.com,1,302,http://tdhesi.caseworkermp.com,
,,200,https://tdhesi.caseworkermp.com/,
http://jdickson.caseworkermp.com,1,302,http://jdickson.caseworkermp.com,
,,200,https://jdickson.caseworkermp.com/,
http://ldillon.caseworkermp.com,1,302,http://ldillon.caseworkermp.com,
,,200,https://ldillon.caseworkermp.com/,
http://cdinenage.caseworkermp.com,1,302,http://cdinenage.caseworkermp.com,
,,200,https://cdinenage.caseworkermp.com/,
http://adixon.caseworkermp.com,1,302,http://adixon.caseworkermp.com,
,,200,https://adixon.caseworkermp.com/,
http://sdixon.caseworkermp.com,1,302,http://sdixon.caseworkermp.com,
,,200,https://sdixon.caseworkermp.com/,
http://adodds.caseworkermp.com,1,302,http://adodds.caseworkermp.com,
,,500,https://adodds.caseworkermp.com/,
http://hdollimore.caseworkermp.com,1,302,http://hdollimore.caseworkermp.com,
,,200,https://hdollimore.caseworkermp.com/,
http://ddoogan.caseworkermp.com,1,302,http://ddoogan.caseworkermp.com,
,,200,https://ddoogan.caseworkermp.com/,
http://sdoughty.caseworkermp.com,1,302,http://sdoughty.caseworkermp.com,
,,200,https://sdoughty.caseworkermp.com/,
http://pdowd.caseworkermp.com,1,302,http://pdowd.caseworkermp.com,
,,200,https://pdowd.caseworkermp.com/,
http://odowden.caseworkermp.com,1,302,http://odowden.caseworkermp.com,
,,200,https://odowden.caseworkermp.com/,
http://gdownie.caseworkermp.com,1,302,http://gdownie.caseworkermp.com,
,,200,https://gdownie.caseworkermp.com/,
http://rduffield.caseworkermp.com,1,302,http://rduffield.caseworkermp.com,
,,200,https://rduffield.caseworkermp.com/,
http://iduncansmith.caseworkermp.com,1,302,http://iduncansmith.caseworkermp.com,
,,200,https://iduncansmith.caseworkermp.com/,
http://nduncanjordan.caseworkermp.com,1,302,http://nduncanjordan.caseworkermp.com,
,,200,https://nduncanjordan.caseworkermp.com/,
http://sdyke.caseworkermp.com,1,302,http://sdyke.caseworkermp.com,
,,200,https://sdyke.caseworkermp.com/,
http://aeagle.caseworkermp.com,1,302,http://aeagle.caseworkermp.com,
,,200,https://aeagle.caseworkermp.com/,
http://meagle.caseworkermp.com,1,302,http://meagle.caseworkermp.com,
,,200,https://meagle.caseworkermp.com/,
http://aeaston.caseworkermp.com,1,302,http://aeaston.caseworkermp.com,
,,200,https://aeaston.caseworkermp.com/,
http://ceastwood.caseworkermp.com,1,302,http://ceastwood.caseworkermp.com,
,,200,https://ceastwood.caseworkermp.com/,
http://seastwood.caseworkermp.com,1,302,http://seastwood.caseworkermp.com,
,,200,https://seastwood.caseworkermp.com/,
http://ceccles.caseworkermp.com,1,302,http://ceccles.caseworkermp.com,
,,200,https://ceccles.caseworkermp.com/,
http://ledwards.caseworkermp.com,1,302,http://ledwards.caseworkermp.com,
,,200,https://ledwards.caseworkermp.com/,
http://sedwards.caseworkermp.com,1,302,http://sedwards.caseworkermp.com,
,,200,https://sedwards.caseworkermp.com/,
http://cefford.caseworkermp.com,1,302,http://cefford.caseworkermp.com,
,,200,https://cefford.caseworkermp.com/,
http://degan.caseworkermp.com,1,302,http://degan.caseworkermp.com,
,,200,https://degan.caseworkermp.com/,
http://mellis.caseworkermp.com,1,302,http://mellis.caseworkermp.com,
,,200,https://mellis.caseworkermp.com/,
http://celmore.caseworkermp.com,1,302,http://celmore.caseworkermp.com,
,,200,https://celmore.caseworkermp.com/,
http://kentwistle.caseworkermp.com,1,302,http://kentwistle.caseworkermp.com,
,,200,https://kentwistle.caseworkermp.com/,
http://feshalomi.caseworkermp.com,1,302,http://feshalomi.caseworkermp.com,
,,200,https://feshalomi.caseworkermp.com/,
http://besterson.caseworkermp.com,1,302,http://besterson.caseworkermp.com,
,,200,https://besterson.caseworkermp.com/,
http://cevans.caseworkermp.com,1,302,http://cevans.caseworkermp.com,
,,200,https://cevans.caseworkermp.com/,
http://levans.caseworkermp.com,1,302,http://levans.caseworkermp.com,
,,200,https://levans.caseworkermp.com/,
http://mfahnbulleh.caseworkermp.com,1,302,http://mfahnbulleh.caseworkermp.com,
,,200,https://mfahnbulleh.caseworkermp.com/,
http://hfalconer.caseworkermp.com,1,302,http://hfalconer.caseworkermp.com,
,,200,https://hfalconer.caseworkermp.com/,
http://nfarage.caseworkermp.com,1,302,http://nfarage.caseworkermp.com,
,,200,https://nfarage.caseworkermp.com/,
http://lfarnsworth.caseworkermp.com,1,302,http://lfarnsworth.caseworkermp.com,
,,200,https://lfarnsworth.caseworkermp.com/,
http://tfarron.caseworkermp.com,1,302,http://tfarron.caseworkermp.com,
,,200,https://tfarron.caseworkermp.com/,
http://jfentonglynn.caseworkermp.com,1,302,http://jfentonglynn.caseworkermp.com,
,,200,https://jfentonglynn.caseworkermp.com/,
http://mferguson.caseworkermp.com,1,302,http://mferguson.caseworkermp.com,
,,200,https://mferguson.caseworkermp.com/,
http://pferguson.caseworkermp.com,1,302,http://pferguson.caseworkermp.com,
,,200,https://pferguson.caseworkermp.com/,
http://jfinucane.caseworkermp.com,1,302,http://jfinucane.caseworkermp.com,
,,500,https://jfinucane.caseworkermp.com/,
http://nfleet.caseworkermp.com,1,302,http://nfleet.caseworkermp.com,
,,200,https://nfleet.caseworkermp.com/,
http://sflynn.caseworkermp.com,1,302,http://sflynn.caseworkermp.com,
,,200,https://sflynn.caseworkermp.com/,
http://efoody.caseworkermp.com,1,302,http://efoody.caseworkermp.com,
,,200,https://efoody.caseworkermp.com/,
http://cfookes.caseworkermp.com,1,302,http://cfookes.caseworkermp.com,
,,200,https://cfookes.caseworkermp.com/,
http://rfoord.caseworkermp.com,1,302,http://rfoord.caseworkermp.com,
,,200,https://rfoord.caseworkermp.com/,
http://wforster.caseworkermp.com,1,302,http://wforster.caseworkermp.com,
,,200,https://wforster.caseworkermp.com/,
http://pfortune.caseworkermp.com,1,302,http://pfortune.caseworkermp.com,
,,200,https://pfortune.caseworkermp.com/,
http://pfoster.caseworkermp.com,1,302,http://pfoster.caseworkermp.com,
,,200,https://pfoster.caseworkermp.com/,
http://afox.caseworkermp.com,1,302,http://afox.caseworkermp.com,
,,200,https://afox.caseworkermp.com/,
http://vfoxcroft.caseworkermp.com,1,302,http://vfoxcroft.caseworkermp.com,
,,200,https://vfoxcroft.caseworkermp.com/,
http://mfoy.caseworkermp.com,1,302,http://mfoy.caseworkermp.com,
,,200,https://mfoy.caseworkermp.com/,
http://dfrancis.caseworkermp.com,1,302,http://dfrancis.caseworkermp.com,
,,200,https://dfrancis.caseworkermp.com/,
http://mfrancois.caseworkermp.com,1,302,http://mfrancois.caseworkermp.com,
,,200,https://mfrancois.caseworkermp.com/,
http://zfranklin.caseworkermp.com,1,302,http://zfranklin.caseworkermp.com,
,,200,https://zfranklin.caseworkermp.com/,
http://gfreeman.caseworkermp.com,1,302,http://gfreeman.caseworkermp.com,
,,200,https://gfreeman.caseworkermp.com/,
http://lfrench.caseworkermp.com,1,302,http://lfrench.caseworkermp.com,
,,200,https://lfrench.caseworkermp.com/,
http://jfrith.caseworkermp.com,1,302,http://jfrith.caseworkermp.com,
,,200,https://jfrith.caseworkermp.com/,
http://rfuller.caseworkermp.com,1,302,http://rfuller.caseworkermp.com,
,,200,https://rfuller.caseworkermp.com/,
http://gfurniss.caseworkermp.com,1,302,http://gfurniss.caseworkermp.com,
,,200,https://gfurniss.caseworkermp.com/,
http://rgale.caseworkermp.com,1,302,http://rgale.caseworkermp.com,
,,500,https://rgale.caseworkermp.com/,
http://bgardiner.caseworkermp.com,1,302,http://bgardiner.caseworkermp.com,
,,200,https://bgardiner.caseworkermp.com/,
http://agardner.caseworkermp.com,1,302,http://agardner.caseworkermp.com,
,,200,https://agardner.caseworkermp.com/,
http://mgarnier.caseworkermp.com,1,302,http://mgarnier.caseworkermp.com,
,,200,https://mgarnier.caseworkermp.com/,
http://agelderd.caseworkermp.com,1,302,http://agelderd.caseworkermp.com,
,,200,https://agelderd.caseworkermp.com/,
http://agemmell.caseworkermp.com,1,302,http://agemmell.caseworkermp.com,
,,200,https://agemmell.caseworkermp.com/,
http://ageorge.caseworkermp.com,1,302,http://ageorge.caseworkermp.com,
,,200,https://ageorge.caseworkermp.com/,
http://ggerman.caseworkermp.com,1,302,http://ggerman.caseworkermp.com,
,,200,https://ggerman.caseworkermp.com/,
http://sgethins.caseworkermp.com,1,302,http://sgethins.caseworkermp.com,
,,200,https://sgethins.caseworkermp.com/,
http://nghani.caseworkermp.com,1,302,http://nghani.caseworkermp.com,
,,200,https://nghani.caseworkermp.com/,
http://sgibson.caseworkermp.com,1,302,http://sgibson.caseworkermp.com,
,,200,https://sgibson.caseworkermp.com/,
http://tgilbert.caseworkermp.com,1,302,http://tgilbert.caseworkermp.com,
,,200,https://tgilbert.caseworkermp.com/,
http://pgill.caseworkermp.com,1,302,http://pgill.caseworkermp.com,
,,200,https://pgill.caseworkermp.com/,
http://rgilmour.caseworkermp.com,1,302,http://rgilmour.caseworkermp.com,
,,200,https://rgilmour.caseworkermp.com/,
http://bgittins.caseworkermp.com,1,302,http://bgittins.caseworkermp.com,
,,200,https://bgittins.caseworkermp.com/,
http://jglen.caseworkermp.com,1,302,http://jglen.caseworkermp.com,
,,200,https://jglen.caseworkermp.com/,
http://mglindon.caseworkermp.com,1,302,http://mglindon.caseworkermp.com,
,,200,https://mglindon.caseworkermp.com/,
http://oglover.caseworkermp.com,1,302,http://oglover.caseworkermp.com,
,,200,https://oglover.caseworkermp.com/,
http://mgoldman.caseworkermp.com,1,302,http://mgoldman.caseworkermp.com,
,,200,https://mgoldman.caseworkermp.com/,
http://bgoldsborough.caseworkermp.com,1,302,http://bgoldsborough.caseworkermp.com,
,,200,https://bgoldsborough.caseworkermp.com/,
http://tgordon.caseworkermp.com,1,302,http://tgordon.caseworkermp.com,
,,200,https://tgordon.caseworkermp.com/,
http://jgosling.caseworkermp.com,1,302,http://jgosling.caseworkermp.com,
,,200,https://jgosling.caseworkermp.com/,
http://ggould.caseworkermp.com,1,302,http://ggould.caseworkermp.com,
,,200,https://ggould.caseworkermp.com/,
http://jgrady.caseworkermp.com,1,302,http://jgrady.caseworkermp.com,
,,200,https://jgrady.caseworkermp.com/,
http://hgrant.caseworkermp.com,1,302,http://hgrant.caseworkermp.com,
,,200,https://hgrant.caseworkermp.com/,
http://sgreen.caseworkermp.com,1,302,http://sgreen.caseworkermp.com,
,,200,https://sgreen.caseworkermp.com/,
http://lgreenwood.caseworkermp.com,1,302,http://lgreenwood.caseworkermp.com,
,,200,https://lgreenwood.caseworkermp.com/,
http://agriffith.caseworkermp.com,1,302,http://agriffith.caseworkermp.com,
,,200,https://agriffith.caseworkermp.com/,
http://ngriffith.caseworkermp.com,1,302,http://ngriffith.caseworkermp.com,
,,200,https://ngriffith.caseworkermp.com/,
http://agriffiths.caseworkermp.com,1,302,http://agriffiths.caseworkermp.com,
,,200,https://agriffiths.caseworkermp.com/,
http://agwynne.caseworkermp.com,1,302,http://agwynne.caseworkermp.com,
,,200,https://agwynne.caseworkermp.com/,
http://ahack.caseworkermp.com,1,302,http://ahack.caseworkermp.com,
,,200,https://ahack.caseworkermp.com/,
http://lhaigh.caseworkermp.com,1,302,http://lhaigh.caseworkermp.com,
,,200,https://lhaigh.caseworkermp.com/,
http://shall.caseworkermp.com,1,302,http://shall.caseworkermp.com,
,,200,https://shall.caseworkermp.com/,
http://fhamilton.caseworkermp.com,1,302,http://fhamilton.caseworkermp.com,
,,200,https://fhamilton.caseworkermp.com/,
http://phamilton.caseworkermp.com,1,302,http://phamilton.caseworkermp.com,
,,200,https://phamilton.caseworkermp.com/,
http://channa.caseworkermp.com,1,302,http://channa.caseworkermp.com,
,,200,https://channa.caseworkermp.com/,
http://mharding.caseworkermp.com,1,302,http://mharding.caseworkermp.com,
,,200,https://mharding.caseworkermp.com/,
http://ehardy.caseworkermp.com,1,302,http://ehardy.caseworkermp.com,
,,200,https://ehardy.caseworkermp.com/,
http://charris.caseworkermp.com,1,302,http://charris.caseworkermp.com,
,,200,https://charris.caseworkermp.com/,
http://rharris.caseworkermp.com,1,302,http://rharris.caseworkermp.com,
,,200,https://rharris.caseworkermp.com/,
http://lhatton.caseworkermp.com,1,302,http://lhatton.caseworkermp.com,
,,200,https://lhatton.caseworkermp.com/,
http://hhayes.caseworkermp.com,1,302,http://hhayes.caseworkermp.com,
,,200,https://hhayes.caseworkermp.com/,
http://jhayes.caseworkermp.com,1,302,http://jhayes.caseworkermp.com,
,,500,https://jhayes.caseworkermp.com/,
http://thayes.caseworkermp.com,1,302,http://thayes.caseworkermp.com,
,,200,https://thayes.caseworkermp.com/,
http://chazelgrove.caseworkermp.com,1,302,http://chazelgrove.caseworkermp.com,
,,200,https://chazelgrove.caseworkermp.com/,
http://chazzard.caseworkermp.com,1,302,http://chazzard.caseworkermp.com,
,,200,https://chazzard.caseworkermp.com/,
http://jhealey.caseworkermp.com,1,302,http://jhealey.caseworkermp.com,
,,200,https://jhealey.caseworkermp.com/,
http://mhendrick.caseworkermp.com,1,302,http://mhendrick.caseworkermp.com,
,,200,https://mhendrick.caseworkermp.com/,
http://pheylings.caseworkermp.com,1,302,http://pheylings.caseworkermp.com,
,,200,https://pheylings.caseworkermp.com/,
http://mhillier.caseworkermp.com,1,302,http://mhillier.caseworkermp.com,
,,200,https://mhillier.caseworkermp.com/,
http://chinchliff.caseworkermp.com,1,302,http://chinchliff.caseworkermp.com,
,,200,https://chinchliff.caseworkermp.com/,
http://jhinder.caseworkermp.com,1,302,http://jhinder.caseworkermp.com,
,,200,https://jhinder.caseworkermp.com/,
http://dhinds.caseworkermp.com,1,302,http://dhinds.caseworkermp.com,
,,200,https://dhinds.caseworkermp.com/,
http://shoare.caseworkermp.com,1,302,http://shoare.caseworkermp.com,
,,200,https://shoare.caseworkermp.com/,
http://whobhouse.caseworkermp.com,1,302,http://whobhouse.caseworkermp.com,
,,200,https://whobhouse.caseworkermp.com/,
http://shodgson.caseworkermp.com,1,302,http://shodgson.caseworkermp.com,
,,200,https://shodgson.caseworkermp.com/,
http://rholden.caseworkermp.com,1,302,http://rholden.caseworkermp.com,
,,200,https://rholden.caseworkermp.com/,
http://khollinrake.caseworkermp.com,1,302,http://khollinrake.caseworkermp.com,
,,200,https://khollinrake.caseworkermp.com/,
http://pholmes.caseworkermp.com,1,302,http://pholmes.caseworkermp.com,
,,200,https://pholmes.caseworkermp.com/,
http://rhopkins.caseworkermp.com,1,302,http://rhopkins.caseworkermp.com,
,,200,https://rhopkins.caseworkermp.com/,
http://lhoyle.caseworkermp.com,1,302,http://lhoyle.caseworkermp.com,
,,200,https://lhoyle.caseworkermp.com/,
http://nhuddleston.caseworkermp.com,1,302,http://nhuddleston.caseworkermp.com,
,,200,https://nhuddleston.caseworkermp.com/,
http://nhudson.caseworkermp.com,1,302,http://nhudson.caseworkermp.com,
,,200,https://nhudson.caseworkermp.com/,
http://chughes.caseworkermp.com,1,302,http://chughes.caseworkermp.com,
,,200,https://chughes.caseworkermp.com/,
http://dhughes.caseworkermp.com,1,302,http://dhughes.caseworkermp.com,
,,200,https://dhughes.caseworkermp.com/,
http://ahume.caseworkermp.com,1,302,http://ahume.caseworkermp.com,
,,200,https://ahume.caseworkermp.com/,
http://jhunt.caseworkermp.com,1,302,http://jhunt.caseworkermp.com,
,,200,https://jhunt.caseworkermp.com/,
http://rhuq.caseworkermp.com,1,302,http://rhuq.caseworkermp.com,
,,200,https://rhuq.caseworkermp.com/,
http://phurley.caseworkermp.com,1,302,http://phurley.caseworkermp.com,
,,200,https://phurley.caseworkermp.com/,
http://ahussain.caseworkermp.com,1,302,http://ahussain.caseworkermp.com,
,,200,https://ahussain.caseworkermp.com/,
http://ihussain.caseworkermp.com,1,302,http://ihussain.caseworkermp.com,
,,200,https://ihussain.caseworkermp.com/,
http://lingham.caseworkermp.com,1,302,http://lingham.caseworkermp.com,
,,200,https://lingham.caseworkermp.com/,
http://nirons.caseworkermp.com,1,302,http://nirons.caseworkermp.com,
,,200,https://nirons.caseworkermp.com/,
http://sjameson.caseworkermp.com,1,302,http://sjameson.caseworkermp.com,
,,200,https://sjameson.caseworkermp.com/,
http://cjardine.caseworkermp.com,1,302,http://cjardine.caseworkermp.com,
,,200,https://cjardine.caseworkermp.com/,
http://djarvis.caseworkermp.com,1,302,http://djarvis.caseworkermp.com,
,,200,https://djarvis.caseworkermp.com/,
http://ljarvis.caseworkermp.com,1,302,http://ljarvis.caseworkermp.com,
,,200,https://ljarvis.caseworkermp.com/,
http://bjenkin.caseworkermp.com,1,302,http://bjenkin.caseworkermp.com,
,,500,https://bjenkin.caseworkermp.com/,
http://rjenrick.caseworkermp.com,1,302,http://rjenrick.caseworkermp.com,
,,200,https://rjenrick.caseworkermp.com/,
http://tjermy.caseworkermp.com,1,302,http://tjermy.caseworkermp.com,
,,200,https://tjermy.caseworkermp.com/,
http://ajogee.caseworkermp.com,1,302,http://ajogee.caseworkermp.com,
,,200,https://ajogee.caseworkermp.com/,
http://cjohnson.caseworkermp.com,1,302,http://cjohnson.caseworkermp.com,
,,200,https://cjohnson.caseworkermp.com/,
http://djohnson.caseworkermp.com,1,302,http://djohnson.caseworkermp.com,
,,200,https://djohnson.caseworkermp.com/,
http://kjohnson.caseworkermp.com,1,302,http://kjohnson.caseworkermp.com,
,,200,https://kjohnson.caseworkermp.com/,
http://cjones.caseworkermp.com,1,302,http://cjones.caseworkermp.com,
,,200,https://cjones.caseworkermp.com/,
http://djones.caseworkermp.com,1,302,http://djones.caseworkermp.com,
,,200,https://djones.caseworkermp.com/,
http://gjones.caseworkermp.com,1,302,http://gjones.caseworkermp.com,
,,200,https://gjones.caseworkermp.com/,
http://ljones.caseworkermp.com,1,302,http://ljones.caseworkermp.com,
,,200,https://ljones.caseworkermp.com/,
http://ljones.caseworkermp.com,1,302,http://ljones.caseworkermp.com,
,,200,https://ljones.caseworkermp.com/,
http://rjones.caseworkermp.com,1,302,http://rjones.caseworkermp.com,
,,200,https://rjones.caseworkermp.com/,
http://sjones.caseworkermp.com,1,302,http://sjones.caseworkermp.com,
,,200,https://sjones.caseworkermp.com/,
http://ljopp.caseworkermp.com,1,302,http://ljopp.caseworkermp.com,
,,200,https://ljopp.caseworkermp.com/,
http://gjosan.caseworkermp.com,1,302,http://gjosan.caseworkermp.com,
,,200,https://gjosan.caseworkermp.com/,
http://sjoseph.caseworkermp.com,1,302,http://sjoseph.caseworkermp.com,
,,200,https://sjoseph.caseworkermp.com/,
http://wjuss.caseworkermp.com,1,302,http://wjuss.caseworkermp.com,
,,200,https://wjuss.caseworkermp.com/,
http://ckane.caseworkermp.com,1,302,http://ckane.caseworkermp.com,
,,200,https://ckane.caseworkermp.com/,
http://mkane.caseworkermp.com,1,302,http://mkane.caseworkermp.com,
,,200,https://mkane.caseworkermp.com/,
http://skaur.caseworkermp.com,1,302,http://skaur.caseworkermp.com,
,,200,https://skaur.caseworkermp.com/,
http://akearns.caseworkermp.com,1,302,http://akearns.caseworkermp.com,
,,200,https://akearns.caseworkermp.com/,
http://lkendall.caseworkermp.com,1,302,http://lkendall.caseworkermp.com,
,,200,https://lkendall.caseworkermp.com/,
http://akhan.caseworkermp.com,1,302,http://akhan.caseworkermp.com,
,,200,https://akhan.caseworkermp.com/,
http://akhan.caseworkermp.com,1,302,http://akhan.caseworkermp.com,
,,200,https://akhan.caseworkermp.com/,
http://nkhan.caseworkermp.com,1,302,http://nkhan.caseworkermp.com,
,,200,https://nkhan.caseworkermp.com/,
http://skinnock.caseworkermp.com,1,302,http://skinnock.caseworkermp.com,
,,200,https://skinnock.caseworkermp.com/,
http://jkirkham.caseworkermp.com,1,302,http://jkirkham.caseworkermp.com,
,,200,https://jkirkham.caseworkermp.com/,
http://gkitchen.caseworkermp.com,1,302,http://gkitchen.caseworkermp.com,
,,200,https://gkitchen.caseworkermp.com/,
http://pkohler.caseworkermp.com,1,302,http://pkohler.caseworkermp.com,
,,200,https://pkohler.caseworkermp.com/,
http://dkruger.caseworkermp.com,1,302,http://dkruger.caseworkermp.com,
,,200,https://dkruger.caseworkermp.com/,
http://skumar.caseworkermp.com,1,302,http://skumar.caseworkermp.com,
,,200,https://skumar.caseworkermp.com/,
http://ukumaran.caseworkermp.com,1,302,http://ukumaran.caseworkermp.com,
,,200,https://ukumaran.caseworkermp.com/,
http://pkyle.caseworkermp.com,1,302,http://pkyle.caseworkermp.com,
,,200,https://pkyle.caseworkermp.com/,
http://lkyrkesmith.caseworkermp.com,1,302,http://lkyrkesmith.caseworkermp.com,
,,200,https://lkyrkesmith.caseworkermp.com/,
http://blake.caseworkermp.com,1,302,http://blake.caseworkermp.com,
,,200,https://blake.caseworkermp.com/,
http://klam.caseworkermp.com,1,302,http://klam.caseworkermp.com,
,,200,https://klam.caseworkermp.com/,
http://plamb.caseworkermp.com,1,302,http://plamb.caseworkermp.com,
,,200,https://plamb.caseworkermp.com/,
http://dlammy.caseworkermp.com,1,302,http://dlammy.caseworkermp.com,
,,500,https://dlammy.caseworkermp.com/,
http://jlamont.caseworkermp.com,1,302,http://jlamont.caseworkermp.com,
,,200,https://jlamont.caseworkermp.com/,
http://ilavery.caseworkermp.com,1,302,http://ilavery.caseworkermp.com,
,,200,https://ilavery.caseworkermp.com/,
http://claw.caseworkermp.com,1,302,http://claw.caseworkermp.com,
,,200,https://claw.caseworkermp.com/,
http://nlaw.caseworkermp.com,1,302,http://nlaw.caseworkermp.com,
,,200,https://nlaw.caseworkermp.com/,
http://kleadbeater.caseworkermp.com,1,302,http://kleadbeater.caseworkermp.com,
,,200,https://kleadbeater.caseworkermp.com/,
http://gleadbitter.caseworkermp.com,1,302,http://gleadbitter.caseworkermp.com,
,,200,https://gleadbitter.caseworkermp.com/,
http://eleigh.caseworkermp.com,1,302,http://eleigh.caseworkermp.com,
,,500,https://eleigh.caseworkermp.com/,
http://bleishman.caseworkermp.com,1,302,http://bleishman.caseworkermp.com,
,,200,https://bleishman.caseworkermp.com/,
http://elewell.caseworkermp.com,1,302,http://elewell.caseworkermp.com,
,,500,https://elewell.caseworkermp.com/,
http://alewin.caseworkermp.com,1,302,http://alewin.caseworkermp.com,
,,200,https://alewin.caseworkermp.com/,
http://clewis.caseworkermp.com,1,302,http://clewis.caseworkermp.com,
,,200,https://clewis.caseworkermp.com/,
http://jlewis.caseworkermp.com,1,302,http://jlewis.caseworkermp.com,
,,500,https://jlewis.caseworkermp.com/,
http://slightwood.caseworkermp.com,1,302,http://slightwood.caseworkermp.com,
,,200,https://slightwood.caseworkermp.com/,
http://clockhart.caseworkermp.com,1,302,http://clockhart.caseworkermp.com,
,,200,https://clockhart.caseworkermp.com/,
http://slogan.caseworkermp.com,1,302,http://slogan.caseworkermp.com,
,,200,https://slogan.caseworkermp.com/,
http://rlongbailey.caseworkermp.com,1,302,http://rlongbailey.caseworkermp.com,
,,200,https://rlongbailey.caseworkermp.com/,
http://jlopez.caseworkermp.com,1,302,http://jlopez.caseworkermp.com,
,,200,https://jlopez.caseworkermp.com/,
http://rlowe.caseworkermp.com,1,302,http://rlowe.caseworkermp.com,
,,200,https://rlowe.caseworkermp.com/,
http://jmacalister.caseworkermp.com,1,302,http://jmacalister.caseworkermp.com,
,,200,https://jmacalister.caseworkermp.com/,
http://jmaccleary.caseworkermp.com,1,302,http://jmaccleary.caseworkermp.com,
,,200,https://jmaccleary.caseworkermp.com/,
http://amacdonald.caseworkermp.com,1,302,http://amacdonald.caseworkermp.com,
,,200,https://amacdonald.caseworkermp.com/,
http://amacdonald.caseworkermp.com,1,302,http://amacdonald.caseworkermp.com,
,,200,https://amacdonald.caseworkermp.com/,
http://amacnae.caseworkermp.com,1,302,http://amacnae.caseworkermp.com,
,,200,https://amacnae.caseworkermp.com/,
http://jmadders.caseworkermp.com,1,302,http://jmadders.caseworkermp.com,
,,200,https://jmadders.caseworkermp.com/,
http://bmaguire.caseworkermp.com,1,302,http://bmaguire.caseworkermp.com,
,,200,https://bmaguire.caseworkermp.com/,
http://hmaguire.caseworkermp.com,1,302,http://hmaguire.caseworkermp.com,
,,200,https://hmaguire.caseworkermp.com/,
http://smahmood.caseworkermp.com,1,302,http://smahmood.caseworkermp.com,
,,200,https://smahmood.caseworkermp.com/,
http://amak.caseworkermp.com,1,302,http://amak.caseworkermp.com,
,,200,https://amak.caseworkermp.com/,
http://smalhotra.caseworkermp.com,1,302,http://smalhotra.caseworkermp.com,
,,500,https://smalhotra.caseworkermp.com/,
http://cmallaghan.caseworkermp.com,1,302,http://cmallaghan.caseworkermp.com,
,,200,https://cmallaghan.caseworkermp.com/,
http://kmalthouse.caseworkermp.com,1,302,http://kmalthouse.caseworkermp.com,
,,200,https://kmalthouse.caseworkermp.com/,
http://amartin.caseworkermp.com,1,302,http://amartin.caseworkermp.com,
,,200,https://amartin.caseworkermp.com/,
http://mmartin.caseworkermp.com,1,302,http://mmartin.caseworkermp.com,
,,200,https://mmartin.caseworkermp.com/,
http://rmaskell.caseworkermp.com,1,302,http://rmaskell.caseworkermp.com,
,,200,https://rmaskell.caseworkermp.com/,
http://pmaskey.caseworkermp.com,1,302,http://pmaskey.caseworkermp.com,
,,500,https://pmaskey.caseworkermp.com/,
http://kmather.caseworkermp.com,1,302,http://kmather.caseworkermp.com,
,,200,https://kmather.caseworkermp.com/,
http://bmathew.caseworkermp.com,1,302,http://bmathew.caseworkermp.com,
,,200,https://bmathew.caseworkermp.com/,
http://amayer.caseworkermp.com,1,302,http://amayer.caseworkermp.com,
,,200,https://amayer.caseworkermp.com/,
http://jmayhew.caseworkermp.com,1,302,http://jmayhew.caseworkermp.com,
,,200,https://jmayhew.caseworkermp.com/,
http://cmaynard.caseworkermp.com,1,302,http://cmaynard.caseworkermp.com,
,,200,https://cmaynard.caseworkermp.com/,
http://dmcallister.caseworkermp.com,1,302,http://dmcallister.caseworkermp.com,
,,200,https://dmcallister.caseworkermp.com/,
http://kmccarthy.caseworkermp.com,1,302,http://kmccarthy.caseworkermp.com,
,,200,https://kmccarthy.caseworkermp.com/,
http://mmccluskey.caseworkermp.com,1,302,http://mmccluskey.caseworkermp.com,
,,200,https://mmccluskey.caseworkermp.com/,
http://smcdonagh.caseworkermp.com,1,302,http://smcdonagh.caseworkermp.com,
,,500,https://smcdonagh.caseworkermp.com/,
http://amcdonald.caseworkermp.com,1,302,http://amcdonald.caseworkermp.com,
,,200,https://amcdonald.caseworkermp.com/,
http://cmcdonald.caseworkermp.com,1,302,http://cmcdonald.caseworkermp.com,
,,200,https://cmcdonald.caseworkermp.com/,
http://jmcdonnell.caseworkermp.com,1,302,http://jmcdonnell.caseworkermp.com,
,,500,https://jmcdonnell.caseworkermp.com/,
http://bmcdougall.caseworkermp.com,1,302,http://bmcdougall.caseworkermp.com,
,,200,https://bmcdougall.caseworkermp.com/,
http://lmcevoy.caseworkermp.com,1,302,http://lmcevoy.caseworkermp.com,
,,200,https://lmcevoy.caseworkermp.com/,
http://pmcfadden.caseworkermp.com,1,302,http://pmcfadden.caseworkermp.com,
,,200,https://pmcfadden.caseworkermp.com/,
http://amcgovern.caseworkermp.com,1,302,http://amcgovern.caseworkermp.com,
,,200,https://amcgovern.caseworkermp.com/,
http://amcintyre.caseworkermp.com,1,302,http://amcintyre.caseworkermp.com,
,,200,https://amcintyre.caseworkermp.com/,
http://gmckee.caseworkermp.com,1,302,http://gmckee.caseworkermp.com,
,,200,https://gmckee.caseworkermp.com/,
http://kmckenna.caseworkermp.com,1,302,http://kmckenna.caseworkermp.com,
,,200,https://kmckenna.caseworkermp.com/,
http://cmckinnell.caseworkermp.com,1,302,http://cmckinnell.caseworkermp.com,
,,200,https://cmckinnell.caseworkermp.com/,
http://jmcmahon.caseworkermp.com,1,302,http://jmcmahon.caseworkermp.com,
,,200,https://jmcmahon.caseworkermp.com/,
http://amcmorrin.caseworkermp.com,1,302,http://amcmorrin.caseworkermp.com,
,,200,https://amcmorrin.caseworkermp.com/,
http://jmcmurdock.caseworkermp.com,1,302,http://jmcmurdock.caseworkermp.com,
,,200,https://jmcmurdock.caseworkermp.com/,
http://fmcnally.caseworkermp.com,1,302,http://fmcnally.caseworkermp.com,
,,200,https://fmcnally.caseworkermp.com/,
http://kmcneill.caseworkermp.com,1,302,http://kmcneill.caseworkermp.com,
,,200,https://kmcneill.caseworkermp.com/,
http://emcvey.caseworkermp.com,1,302,http://emcvey.caseworkermp.com,
,,200,https://emcvey.caseworkermp.com/,
http://lmedi.caseworkermp.com,1,302,http://lmedi.caseworkermp.com,
,,200,https://lmedi.caseworkermp.com/,
http://amidgley.caseworkermp.com,1,302,http://amidgley.caseworkermp.com,
,,200,https://amidgley.caseworkermp.com/,
http://emiliband.caseworkermp.com,1,302,http://emiliband.caseworkermp.com,
,,200,https://emiliband.caseworkermp.com/,
http://cmiller.caseworkermp.com,1,302,http://cmiller.caseworkermp.com,
,,200,https://cmiller.caseworkermp.com/,
http://jmilne.caseworkermp.com,1,302,http://jmilne.caseworkermp.com,
,,200,https://jmilne.caseworkermp.com/,
http://jminns.caseworkermp.com,1,302,http://jminns.caseworkermp.com,
,,200,https://jminns.caseworkermp.com/,
http://nmishra.caseworkermp.com,1,302,http://nmishra.caseworkermp.com,
,,200,https://nmishra.caseworkermp.com/,
http://amitchell.caseworkermp.com,1,302,http://amitchell.caseworkermp.com,
,,500,https://amitchell.caseworkermp.com/,
http://amohamed.caseworkermp.com,1,302,http://amohamed.caseworkermp.com,
,,200,https://amohamed.caseworkermp.com/,
http://imohamed.caseworkermp.com,1,302,http://imohamed.caseworkermp.com,
,,200,https://imohamed.caseworkermp.com/,
http://gmohindra.caseworkermp.com,1,302,http://gmohindra.caseworkermp.com,
,,200,https://gmohindra.caseworkermp.com/,
http://pmoon.caseworkermp.com,1,302,http://pmoon.caseworkermp.com,
,,200,https://pmoon.caseworkermp.com/,
http://rmoore.caseworkermp.com,1,302,http://rmoore.caseworkermp.com,
,,200,https://rmoore.caseworkermp.com/,
http://lmoran.caseworkermp.com,1,302,http://lmoran.caseworkermp.com,
,,200,https://lmoran.caseworkermp.com/,
http://jmorden.caseworkermp.com,1,302,http://jmorden.caseworkermp.com,
,,200,https://jmorden.caseworkermp.com/,
http://emorello.caseworkermp.com,1,302,http://emorello.caseworkermp.com,
,,200,https://emorello.caseworkermp.com/,
http://hmorgan.caseworkermp.com,1,302,http://hmorgan.caseworkermp.com,
,,200,https://hmorgan.caseworkermp.com/,
http://smorgan.caseworkermp.com,1,302,http://smorgan.caseworkermp.com,
,,200,https://smorgan.caseworkermp.com/,
http://gmorris.caseworkermp.com,1,302,http://gmorris.caseworkermp.com,
,,200,https://gmorris.caseworkermp.com/,
http://jmorris.caseworkermp.com,1,302,http://jmorris.caseworkermp.com,
,,500,https://jmorris.caseworkermp.com/,
http://tmorrison.caseworkermp.com,1,302,http://tmorrison.caseworkermp.com,
,,200,https://tmorrison.caseworkermp.com/,
http://jmorrissey.caseworkermp.com,1,302,http://jmorrissey.caseworkermp.com,
,,200,https://jmorrissey.caseworkermp.com/,
http://wmorton.caseworkermp.com,1,302,http://wmorton.caseworkermp.com,
,,200,https://wmorton.caseworkermp.com/,
http://kmullan.caseworkermp.com,1,302,http://kmullan.caseworkermp.com,
,,200,https://kmullan.caseworkermp.com/,
http://mmullane.caseworkermp.com,1,302,http://mmullane.caseworkermp.com,
,,200,https://mmullane.caseworkermp.com/,
http://dmundell.caseworkermp.com,1,302,http://dmundell.caseworkermp.com,
,,200,https://dmundell.caseworkermp.com/,
http://tmunt.caseworkermp.com,1,302,http://tmunt.caseworkermp.com,
,,200,https://tmunt.caseworkermp.com/,
http://lmurphy.caseworkermp.com,1,302,http://lmurphy.caseworkermp.com,
,,200,https://lmurphy.caseworkermp.com/,
http://cmurray.caseworkermp.com,1,302,http://cmurray.caseworkermp.com,
,,200,https://cmurray.caseworkermp.com/,
http://imurray.caseworkermp.com,1,302,http://imurray.caseworkermp.com,
,,200,https://imurray.caseworkermp.com/,
http://jmurray.caseworkermp.com,1,302,http://jmurray.caseworkermp.com,
,,200,https://jmurray.caseworkermp.com/,
http://kmurray.caseworkermp.com,1,302,http://kmurray.caseworkermp.com,
,,200,https://kmurray.caseworkermp.com/,
http://smurray.caseworkermp.com,1,302,http://smurray.caseworkermp.com,
,,200,https://smurray.caseworkermp.com/,
http://amurrison.caseworkermp.com,1,302,http://amurrison.caseworkermp.com,
,,200,https://amurrison.caseworkermp.com/,
http://lmyer.caseworkermp.com,1,302,http://lmyer.caseworkermp.com,
,,200,https://lmyer.caseworkermp.com/,
http://jnaish.caseworkermp.com,1,302,http://jnaish.caseworkermp.com,
,,200,https://jnaish.caseworkermp.com/,
http://cnaismith.caseworkermp.com,1,302,http://cnaismith.caseworkermp.com,
,,200,https://cnaismith.caseworkermp.com/,
http://lnandy.caseworkermp.com,1,302,http://lnandy.caseworkermp.com,
,,200,https://lnandy.caseworkermp.com/,
http://knarayan.caseworkermp.com,1,302,http://knarayan.caseworkermp.com,
,,200,https://knarayan.caseworkermp.com/,
http://pnash.caseworkermp.com,1,302,http://pnash.caseworkermp.com,
,,200,https://pnash.caseworkermp.com/,
http://jnewbury.caseworkermp.com,1,302,http://jnewbury.caseworkermp.com,
,,200,https://jnewbury.caseworkermp.com/,
http://sniblett.caseworkermp.com,1,302,http://sniblett.caseworkermp.com,
,,200,https://sniblett.caseworkermp.com/,
http://cnichols.caseworkermp.com,1,302,http://cnichols.caseworkermp.com,
,,200,https://cnichols.caseworkermp.com/,
http://cnokes.caseworkermp.com,1,302,http://cnokes.caseworkermp.com,
,,200,https://cnokes.caseworkermp.com/,
http://jnorman.caseworkermp.com,1,302,http://jnorman.caseworkermp.com,
,,200,https://jnorman.caseworkermp.com/,
http://anorris.caseworkermp.com,1,302,http://anorris.caseworkermp.com,
,,200,https://anorris.caseworkermp.com/,
http://dnorris.caseworkermp.com,1,302,http://dnorris.caseworkermp.com,
,,200,https://dnorris.caseworkermp.com/,
http://nobrien.caseworkermp.com,1,302,http://nobrien.caseworkermp.com,
,,200,https://nobrien.caseworkermp.com/,
http://bohara.caseworkermp.com,1,302,http://bohara.caseworkermp.com,
,,200,https://bohara.caseworkermp.com/,
http://bobesejecty.caseworkermp.com,1,302,http://bobesejecty.caseworkermp.com,
,,200,https://bobesejecty.caseworkermp.com/,
http://solney.caseworkermp.com,1,302,http://solney.caseworkermp.com,
,,200,https://solney.caseworkermp.com/,
http://monn.caseworkermp.com,1,302,http://monn.caseworkermp.com,
,,200,https://monn.caseworkermp.com/,
http://conwurah.caseworkermp.com,1,302,http://conwurah.caseworkermp.com,
,,200,https://conwurah.caseworkermp.com/,
http://sopher.caseworkermp.com,1,302,http://sopher.caseworkermp.com,
,,200,https://sopher.caseworkermp.com/,
http://aoppongasare.caseworkermp.com,1,302,http://aoppongasare.caseworkermp.com,
,,200,https://aoppongasare.caseworkermp.com/,
http://kosamor.caseworkermp.com,1,302,http://kosamor.caseworkermp.com,
,,200,https://kosamor.caseworkermp.com/,
http://kosborne.caseworkermp.com,1,302,http://kosborne.caseworkermp.com,
,,200,https://kosborne.caseworkermp.com/,
http://tosborne.caseworkermp.com,1,302,http://tosborne.caseworkermp.com,
,,200,https://tosborne.caseworkermp.com/,
http://towatemi.caseworkermp.com,1,302,http://towatemi.caseworkermp.com,
,,200,https://towatemi.caseworkermp.com/,
http://sowen.caseworkermp.com,1,302,http://sowen.caseworkermp.com,
,,200,https://sowen.caseworkermp.com/,
http://dpaffey.caseworkermp.com,1,302,http://dpaffey.caseworkermp.com,
,,200,https://dpaffey.caseworkermp.com/,
http://apakes.caseworkermp.com,1,302,http://apakes.caseworkermp.com,
,,200,https://apakes.caseworkermp.com/,
http://ppatel.caseworkermp.com,1,302,http://ppatel.caseworkermp.com,
,,200,https://ppatel.caseworkermp.com/,
http://mpatrick.caseworkermp.com,1,302,http://mpatrick.caseworkermp.com,
,,200,https://mpatrick.caseworkermp.com/,
http://rpaul.caseworkermp.com,1,302,http://rpaul.caseworkermp.com,
,,200,https://rpaul.caseworkermp.com/,
http://mpayne.caseworkermp.com,1,302,http://mpayne.caseworkermp.com,
,,200,https://mpayne.caseworkermp.com/,
http://speacock.caseworkermp.com,1,302,http://speacock.caseworkermp.com,
,,200,https://speacock.caseworkermp.com/,
http://jpearce.caseworkermp.com,1,302,http://jpearce.caseworkermp.com,
,,200,https://jpearce.caseworkermp.com/,
http://mpennycook.caseworkermp.com,1,302,http://mpennycook.caseworkermp.com,
,,200,https://mpennycook.caseworkermp.com/,
http://tperkins.caseworkermp.com,1,302,http://tperkins.caseworkermp.com,
,,200,https://tperkins.caseworkermp.com/,
http://mperteghella.caseworkermp.com,1,302,http://mperteghella.caseworkermp.com,
,,200,https://mperteghella.caseworkermp.com/,
http://jphillips.caseworkermp.com,1,302,http://jphillips.caseworkermp.com,
,,200,https://jphillips.caseworkermp.com/,
http://bphillipson.caseworkermp.com,1,302,http://bphillipson.caseworkermp.com,
,,200,https://bphillipson.caseworkermp.com/,
http://cphilp.caseworkermp.com,1,302,http://cphilp.caseworkermp.com,
,,200,https://cphilp.caseworkermp.com/,
http://apinkerton.caseworkermp.com,1,302,http://apinkerton.caseworkermp.com,
,,200,https://apinkerton.caseworkermp.com/,
http://dpintoduschinsky.caseworkermp.com,1,302,http://dpintoduschinsky.caseworkermp.com,
,,200,https://dpintoduschinsky.caseworkermp.com/,
http://lpitcher.caseworkermp.com,1,302,http://lpitcher.caseworkermp.com,
,,200,https://lpitcher.caseworkermp.com/,
http://jplatt.caseworkermp.com,1,302,http://jplatt.caseworkermp.com,
,,200,https://jplatt.caseworkermp.com/,
http://spochin.caseworkermp.com,1,302,http://spochin.caseworkermp.com,
,,200,https://spochin.caseworkermp.com/,
http://lpollard.caseworkermp.com,1,302,http://lpollard.caseworkermp.com,
,,200,https://lpollard.caseworkermp.com/,
http://jpowell.caseworkermp.com,1,302,http://jpowell.caseworkermp.com,
,,200,https://jpowell.caseworkermp.com/,
http://lpowell.caseworkermp.com,1,302,http://lpowell.caseworkermp.com,
,,200,https://lpowell.caseworkermp.com/,
http://gpoynton.caseworkermp.com,1,302,http://gpoynton.caseworkermp.com,
,,200,https://gpoynton.caseworkermp.com/,
http://pprinsley.caseworkermp.com,1,302,http://pprinsley.caseworkermp.com,
,,200,https://pprinsley.caseworkermp.com/,
http://mpritchard.caseworkermp.com,1,302,http://mpritchard.caseworkermp.com,
,,200,https://mpritchard.caseworkermp.com/,
http://rquigley.caseworkermp.com,1,302,http://rquigley.caseworkermp.com,
,,200,https://rquigley.caseworkermp.com/,
http://yqureshi.caseworkermp.com,1,302,http://yqureshi.caseworkermp.com,
,,200,https://yqureshi.caseworkermp.com/,
http://srace.caseworkermp.com,1,302,http://srace.caseworkermp.com,
,,200,https://srace.caseworkermp.com/,
http://sraja.caseworkermp.com,1,302,http://sraja.caseworkermp.com,
,,200,https://sraja.caseworkermp.com/,
http://aramsay.caseworkermp.com,1,302,http://aramsay.caseworkermp.com,
,,200,https://aramsay.caseworkermp.com/,
http://crand.caseworkermp.com,1,302,http://crand.caseworkermp.com,
,,200,https://crand.caseworkermp.com/,
http://aranger.caseworkermp.com,1,302,http://aranger.caseworkermp.com,
,,200,https://aranger.caseworkermp.com/,
http://jrankin.caseworkermp.com,1,302,http://jrankin.caseworkermp.com,
,,200,https://jrankin.caseworkermp.com/,
http://arayner.caseworkermp.com,1,302,http://arayner.caseworkermp.com,
,,200,https://arayner.caseworkermp.com/,
http://mreader.caseworkermp.com,1,302,http://mreader.caseworkermp.com,
,,200,https://mreader.caseworkermp.com/,
http://dreed.caseworkermp.com,1,302,http://dreed.caseworkermp.com,
,,200,https://dreed.caseworkermp.com/,
http://sreed.caseworkermp.com,1,302,http://sreed.caseworkermp.com,
,,200,https://sreed.caseworkermp.com/,
http://ereeves.caseworkermp.com,1,302,http://ereeves.caseworkermp.com,
,,200,https://ereeves.caseworkermp.com/,
http://rreeves.caseworkermp.com,1,302,http://rreeves.caseworkermp.com,
,,200,https://rreeves.caseworkermp.com/,
http://jreid.caseworkermp.com,1,302,http://jreid.caseworkermp.com,
,,200,https://jreid.caseworkermp.com/,
http://ereynolds.caseworkermp.com,1,302,http://ereynolds.caseworkermp.com,
,,200,https://ereynolds.caseworkermp.com/,
http://jreynolds.caseworkermp.com,1,302,http://jreynolds.caseworkermp.com,
,,200,https://jreynolds.caseworkermp.com/,
http://jreynolds.caseworkermp.com,1,302,http://jreynolds.caseworkermp.com,
,,200,https://jreynolds.caseworkermp.com/,
http://mrhodes.caseworkermp.com,1,302,http://mrhodes.caseworkermp.com,
,,200,https://mrhodes.caseworkermp.com/,
http://bribeiroaddy.caseworkermp.com,1,302,http://bribeiroaddy.caseworkermp.com,
,,200,https://bribeiroaddy.caseworkermp.com/,
http://jrichards.caseworkermp.com,1,302,http://jrichards.caseworkermp.com,
,,200,https://jrichards.caseworkermp.com/,
http://jriddellcarpenter.caseworkermp.com,1,302,http://jriddellcarpenter.caseworkermp.com,
,,200,https://jriddellcarpenter.caseworkermp.com/,
http://lrigby.caseworkermp.com,1,302,http://lrigby.caseworkermp.com,
,,200,https://lrigby.caseworkermp.com/,
http://mrimmer.caseworkermp.com,1,302,http://mrimmer.caseworkermp.com,
,,200,https://mrimmer.caseworkermp.com/,
http://drobertson.caseworkermp.com,1,302,http://drobertson.caseworkermp.com,
,,200,https://drobertson.caseworkermp.com/,
http://jrobertson.caseworkermp.com,1,302,http://jrobertson.caseworkermp.com,
,,200,https://jrobertson.caseworkermp.com/,
http://grobinson.caseworkermp.com,1,302,http://grobinson.caseworkermp.com,
,,200,https://grobinson.caseworkermp.com/,
http://troca.caseworkermp.com,1,302,http://troca.caseworkermp.com,
,,200,https://troca.caseworkermp.com/,
http://mrodda.caseworkermp.com,1,302,http://mrodda.caseworkermp.com,
,,200,https://mrodda.caseworkermp.com/,
http://iroome.caseworkermp.com,1,302,http://iroome.caseworkermp.com,
,,200,https://iroome.caseworkermp.com/,
http://arosindell.caseworkermp.com,1,302,http://arosindell.caseworkermp.com,
,,200,https://arosindell.caseworkermp.com/,
http://srushworth.caseworkermp.com,1,302,http://srushworth.caseworkermp.com,
,,200,https://srushworth.caseworkermp.com/,
http://srussell.caseworkermp.com,1,302,http://srussell.caseworkermp.com,
,,200,https://srussell.caseworkermp.com/,
http://trutland.caseworkermp.com,1,302,http://trutland.caseworkermp.com,
,,200,https://trutland.caseworkermp.com/,
http://oryan.caseworkermp.com,1,302,http://oryan.caseworkermp.com,
,,200,https://oryan.caseworkermp.com/,
http://asabine.caseworkermp.com,1,302,http://asabine.caseworkermp.com,
,,200,https://asabine.caseworkermp.com/,
http://ssackman.caseworkermp.com,1,302,http://ssackman.caseworkermp.com,
,,200,https://ssackman.caseworkermp.com/,
http://jsandher.caseworkermp.com,1,302,http://jsandher.caseworkermp.com,
,,200,https://jsandher.caseworkermp.com/,
http://rsavage.caseworkermp.com,1,302,http://rsavage.caseworkermp.com,
,,200,https://rsavage.caseworkermp.com/,
http://lsavilleroberts.caseworkermp.com,1,302,http://lsavilleroberts.caseworkermp.com,
,,200,https://lsavilleroberts.caseworkermp.com/,
http://mscrogham.caseworkermp.com,1,302,http://mscrogham.caseworkermp.com,
,,200,https://mscrogham.caseworkermp.com/,
http://msewards.caseworkermp.com,1,302,http://msewards.caseworkermp.com,
,,200,https://msewards.caseworkermp.com/,
http://nshah.caseworkermp.com,1,302,http://nshah.caseworkermp.com,
,,200,https://nshah.caseworkermp.com/,
http://bshanker.caseworkermp.com,1,302,http://bshanker.caseworkermp.com,
,,200,https://bshanker.caseworkermp.com/,
http://mshanks.caseworkermp.com,1,302,http://mshanks.caseworkermp.com,
,,200,https://mshanks.caseworkermp.com/,
http://jshannon.caseworkermp.com,1,302,http://jshannon.caseworkermp.com,
,,200,https://jshannon.caseworkermp.com/,
http://nshastrihurst.caseworkermp.com,1,302,http://nshastrihurst.caseworkermp.com,
,,200,https://nshastrihurst.caseworkermp.com/,
http://ashelbrooke.caseworkermp.com,1,302,http://ashelbrooke.caseworkermp.com,
,,200,https://ashelbrooke.caseworkermp.com/,
http://tsiddiq.caseworkermp.com,1,302,http://tsiddiq.caseworkermp.com,
,,200,https://tsiddiq.caseworkermp.com/,
http://dsimmonds.caseworkermp.com,1,302,http://dsimmonds.caseworkermp.com,
,,200,https://dsimmonds.caseworkermp.com/,
http://jsimons.caseworkermp.com,1,302,http://jsimons.caseworkermp.com,
,,200,https://jsimons.caseworkermp.com/,
http://vslade.caseworkermp.com,1,302,http://vslade.caseworkermp.com,
,,200,https://vslade.caseworkermp.com/,
http://aslaughter.caseworkermp.com,1,302,http://aslaughter.caseworkermp.com,
,,500,https://aslaughter.caseworkermp.com/,
http://jslinger.caseworkermp.com,1,302,http://jslinger.caseworkermp.com,
,,200,https://jslinger.caseworkermp.com/,
http://lsmart.caseworkermp.com,1,302,http://lsmart.caseworkermp.com,
,,200,https://lsmart.caseworkermp.com/,
http://csmith.caseworkermp.com,1,302,http://csmith.caseworkermp.com,
,,200,https://csmith.caseworkermp.com/,
http://dsmith.caseworkermp.com,1,302,http://dsmith.caseworkermp.com,
,,200,https://dsmith.caseworkermp.com/,
http://gsmith.caseworkermp.com,1,302,http://gsmith.caseworkermp.com,
,,200,https://gsmith.caseworkermp.com/,
http://jsmith.caseworkermp.com,1,302,http://jsmith.caseworkermp.com,
,,200,https://jsmith.caseworkermp.com/,
http://jsmith.caseworkermp.com,1,302,http://jsmith.caseworkermp.com,
,,200,https://jsmith.caseworkermp.com/,
http://nsmith.caseworkermp.com,1,302,http://nsmith.caseworkermp.com,
,,200,https://nsmith.caseworkermp.com/,
http://rsmith.caseworkermp.com,1,302,http://rsmith.caseworkermp.com,
,,200,https://rsmith.caseworkermp.com/,
http://ssmith.caseworkermp.com,1,302,http://ssmith.caseworkermp.com,
,,200,https://ssmith.caseworkermp.com/,
http://ksmyth.caseworkermp.com,1,302,http://ksmyth.caseworkermp.com,
,,200,https://ksmyth.caseworkermp.com/,
http://gsnell.caseworkermp.com,1,302,http://gsnell.caseworkermp.com,
,,200,https://gsnell.caseworkermp.com/,
http://asnowden.caseworkermp.com,1,302,http://asnowden.caseworkermp.com,
,,200,https://asnowden.caseworkermp.com/,
http://asobel.caseworkermp.com,1,302,http://asobel.caseworkermp.com,
,,200,https://asobel.caseworkermp.com/,
http://isollom.caseworkermp.com,1,302,http://isollom.caseworkermp.com,
,,200,https://isollom.caseworkermp.com/,
http://bspencer.caseworkermp.com,1,302,http://bspencer.caseworkermp.com,
,,200,https://bspencer.caseworkermp.com/,
http://pspencer.caseworkermp.com,1,302,http://pspencer.caseworkermp.com,
,,200,https://pspencer.caseworkermp.com/,
http://gstafford.caseworkermp.com,1,302,http://gstafford.caseworkermp.com,
,,200,https://gstafford.caseworkermp.com/,
http://estainbank.caseworkermp.com,1,302,http://estainbank.caseworkermp.com,
,,200,https://estainbank.caseworkermp.com/,
http://kstarmer.caseworkermp.com,1,302,http://kstarmer.caseworkermp.com,
,,200,https://kstarmer.caseworkermp.com/,
http://bstephenson.caseworkermp.com,1,302,http://bstephenson.caseworkermp.com,
,,200,https://bstephenson.caseworkermp.com/,
http://jstevens.caseworkermp.com,1,302,http://jstevens.caseworkermp.com,
,,200,https://jstevens.caseworkermp.com/,
http://kstevenson.caseworkermp.com,1,302,http://kstevenson.caseworkermp.com,
,,200,https://kstevenson.caseworkermp.com/,
http://estewart.caseworkermp.com,1,302,http://estewart.caseworkermp.com,
,,200,https://estewart.caseworkermp.com/,
http://jstone.caseworkermp.com,1,302,http://jstone.caseworkermp.com,
,,200,https://jstone.caseworkermp.com/,
http://wstone.caseworkermp.com,1,302,http://wstone.caseworkermp.com,
,,200,https://wstone.caseworkermp.com/,
http://astrathern.caseworkermp.com,1,302,http://astrathern.caseworkermp.com,
,,200,https://astrathern.caseworkermp.com/,
http://wstreeting.caseworkermp.com,1,302,http://wstreeting.caseworkermp.com,
,,200,https://wstreeting.caseworkermp.com/,
http://astrickland.caseworkermp.com,1,302,http://astrickland.caseworkermp.com,
,,200,https://astrickland.caseworkermp.com/,
http://mstride.caseworkermp.com,1,302,http://mstride.caseworkermp.com,
,,200,https://mstride.caseworkermp.com/,
http://gstringer.caseworkermp.com,1,302,http://gstringer.caseworkermp.com,
,,200,https://gstringer.caseworkermp.com/,
http://gstuart.caseworkermp.com,1,302,http://gstuart.caseworkermp.com,
,,200,https://gstuart.caseworkermp.com/,
http://ksullivan.caseworkermp.com,1,302,http://ksullivan.caseworkermp.com,
,,200,https://ksullivan.caseworkermp.com/,
http://lsullivan.caseworkermp.com,1,302,http://lsullivan.caseworkermp.com,
,,200,https://lsullivan.caseworkermp.com/,
http://zsultana.caseworkermp.com,1,302,http://zsultana.caseworkermp.com,
,,200,https://zsultana.caseworkermp.com/,
http://rsunak.caseworkermp.com,1,302,http://rsunak.caseworkermp.com,
,,200,https://rsunak.caseworkermp.com/,
http://pswallow.caseworkermp.com,1,302,http://pswallow.caseworkermp.com,
,,200,https://pswallow.caseworkermp.com/,
http://rswann.caseworkermp.com,1,302,http://rswann.caseworkermp.com,
,,200,https://rswann.caseworkermp.com/,
http://dswayne.caseworkermp.com,1,302,http://dswayne.caseworkermp.com,
,,200,https://dswayne.caseworkermp.com/,
http://mtami.caseworkermp.com,1,302,http://mtami.caseworkermp.com,
,,200,https://mtami.caseworkermp.com/,
http://mtapp.caseworkermp.com,1,302,http://mtapp.caseworkermp.com,
,,200,https://mtapp.caseworkermp.com/,
http://ataylor.caseworkermp.com,1,302,http://ataylor.caseworkermp.com,
,,200,https://ataylor.caseworkermp.com/,
http://dtaylor.caseworkermp.com,1,302,http://dtaylor.caseworkermp.com,
,,200,https://dtaylor.caseworkermp.com/,
http://ltaylor.caseworkermp.com,1,302,http://ltaylor.caseworkermp.com,
,,200,https://ltaylor.caseworkermp.com/,
http://rtaylor.caseworkermp.com,1,302,http://rtaylor.caseworkermp.com,
,,200,https://rtaylor.caseworkermp.com/,
http://bthomas.caseworkermp.com,1,302,http://bthomas.caseworkermp.com,
,,200,https://bthomas.caseworkermp.com/,
http://cthomas.caseworkermp.com,1,302,http://cthomas.caseworkermp.com,
,,200,https://cthomas.caseworkermp.com/,
http://fthomas.caseworkermp.com,1,302,http://fthomas.caseworkermp.com,
,,200,https://fthomas.caseworkermp.com/,
http://gthomas.caseworkermp.com,1,302,http://gthomas.caseworkermp.com,
,,200,https://gthomas.caseworkermp.com/,
http://nthomassymonds.caseworkermp.com,1,302,http://nthomassymonds.caseworkermp.com,
,,200,https://nthomassymonds.caseworkermp.com/,
http://athompson.caseworkermp.com,1,302,http://athompson.caseworkermp.com,
,,200,https://athompson.caseworkermp.com/,
http://ethornberry.caseworkermp.com,1,302,http://ethornberry.caseworkermp.com,
,,200,https://ethornberry.caseworkermp.com/,
http://rtice.caseworkermp.com,1,302,http://rtice.caseworkermp.com,
,,200,https://rtice.caseworkermp.com/,
http://mtidball.caseworkermp.com,1,302,http://mtidball.caseworkermp.com,
,,200,https://mtidball.caseworkermp.com/,
http://stimms.caseworkermp.com,1,302,http://stimms.caseworkermp.com,
,,200,https://stimms.caseworkermp.com/,
http://ntimothy.caseworkermp.com,1,302,http://ntimothy.caseworkermp.com,
,,200,https://ntimothy.caseworkermp.com/,
http://jtoale.caseworkermp.com,1,302,http://jtoale.caseworkermp.com,
,,200,https://jtoale.caseworkermp.com/,
http://dtomlinson.caseworkermp.com,1,302,http://dtomlinson.caseworkermp.com,
,,200,https://dtomlinson.caseworkermp.com/,
http://jtrickett.caseworkermp.com,1,302,http://jtrickett.caseworkermp.com,
,,200,https://jtrickett.caseworkermp.com/,
http://ltrott.caseworkermp.com,1,302,http://ltrott.caseworkermp.com,
,,200,https://ltrott.caseworkermp.com/,
http://htufnell.caseworkermp.com,1,302,http://htufnell.caseworkermp.com,
,,200,https://htufnell.caseworkermp.com/,
http://ttugendhat.caseworkermp.com,1,302,http://ttugendhat.caseworkermp.com,
,,200,https://ttugendhat.caseworkermp.com/,
http://aturley.caseworkermp.com,1,302,http://aturley.caseworkermp.com,
,,200,https://aturley.caseworkermp.com/,
http://mturmaine.caseworkermp.com,1,302,http://mturmaine.caseworkermp.com,
,,200,https://mturmaine.caseworkermp.com/,
http://kturner.caseworkermp.com,1,302,http://kturner.caseworkermp.com,
,,200,https://kturner.caseworkermp.com/,
http://lturner.caseworkermp.com,1,302,http://lturner.caseworkermp.com,
,,200,https://lturner.caseworkermp.com/,
http://dtwigg.caseworkermp.com,1,302,http://dtwigg.caseworkermp.com,
,,200,https://dtwigg.caseworkermp.com/,
http://ltwist.caseworkermp.com,1,302,http://ltwist.caseworkermp.com,
,,200,https://ltwist.caseworkermp.com/,
http://huppal.caseworkermp.com,1,302,http://huppal.caseworkermp.com,
,,200,https://huppal.caseworkermp.com/,
http://fvanmierlo.caseworkermp.com,1,302,http://fvanmierlo.caseworkermp.com,
,,200,https://fvanmierlo.caseworkermp.com/,
http://tvaughan.caseworkermp.com,1,302,http://tvaughan.caseworkermp.com,
,,200,https://tvaughan.caseworkermp.com/,
http://vvaz.caseworkermp.com,1,302,http://vvaz.caseworkermp.com,
,,200,https://vvaz.caseworkermp.com/,
http://mvickers.caseworkermp.com,1,302,http://mvickers.caseworkermp.com,
,,200,https://mvickers.caseworkermp.com/,
http://mvickers.caseworkermp.com,1,302,http://mvickers.caseworkermp.com,
,,200,https://mvickers.caseworkermp.com/,
http://cvince.caseworkermp.com,1,302,http://cvince.caseworkermp.com,
,,200,https://cvince.caseworkermp.com/,
http://cvoaden.caseworkermp.com,1,302,http://cvoaden.caseworkermp.com,
,,200,https://cvoaden.caseworkermp.com/,
http://cwakeford.caseworkermp.com,1,302,http://cwakeford.caseworkermp.com,
,,200,https://cwakeford.caseworkermp.com/,
http://iwalker.caseworkermp.com,1,302,http://iwalker.caseworkermp.com,
,,200,https://iwalker.caseworkermp.com/,
http://cward.caseworkermp.com,1,302,http://cward.caseworkermp.com,
,,200,https://cward.caseworkermp.com/,
http://mward.caseworkermp.com,1,302,http://mward.caseworkermp.com,
,,200,https://mward.caseworkermp.com/,
http://pwaugh.caseworkermp.com,1,302,http://pwaugh.caseworkermp.com,
,,200,https://pwaugh.caseworkermp.com/,
http://cwebb.caseworkermp.com,1,302,http://cwebb.caseworkermp.com,
,,200,https://cwebb.caseworkermp.com/,
http://mwelsh.caseworkermp.com,1,302,http://mwelsh.caseworkermp.com,
,,200,https://mwelsh.caseworkermp.com/,
http://cwest.caseworkermp.com,1,302,http://cwest.caseworkermp.com,
,,200,https://cwest.caseworkermp.com/,
http://awestern.caseworkermp.com,1,302,http://awestern.caseworkermp.com,
,,200,https://awestern.caseworkermp.com/,
http://mwestern.caseworkermp.com,1,302,http://mwestern.caseworkermp.com,
,,200,https://mwestern.caseworkermp.com/,
http://hwhately.caseworkermp.com,1,302,http://hwhately.caseworkermp.com,
,,200,https://hwhately.caseworkermp.com/,
http://mwheeler.caseworkermp.com,1,302,http://mwheeler.caseworkermp.com,
,,200,https://mwheeler.caseworkermp.com/,
http://jwhitby.caseworkermp.com,1,302,http://jwhitby.caseworkermp.com,
,,200,https://jwhitby.caseworkermp.com/,
http://jwhite.caseworkermp.com,1,302,http://jwhite.caseworkermp.com,
,,200,https://jwhite.caseworkermp.com/,
http://kwhite.caseworkermp.com,1,302,http://kwhite.caseworkermp.com,
,,200,https://kwhite.caseworkermp.com/,
http://jwhittingdale.caseworkermp.com,1,302,http://jwhittingdale.caseworkermp.com,
,,200,https://jwhittingdale.caseworkermp.com/,
http://nwhittome.caseworkermp.com,1,302,http://nwhittome.caseworkermp.com,
,,200,https://nwhittome.caseworkermp.com/,
http://jwild.caseworkermp.com,1,302,http://jwild.caseworkermp.com,
,,200,https://jwild.caseworkermp.com/,
http://mwilkinson.caseworkermp.com,1,302,http://mwilkinson.caseworkermp.com,
,,200,https://mwilkinson.caseworkermp.com/,
http://dwilliams.caseworkermp.com,1,302,http://dwilliams.caseworkermp.com,
,,200,https://dwilliams.caseworkermp.com/,
http://gwilliamson.caseworkermp.com,1,302,http://gwilliamson.caseworkermp.com,
,,200,https://gwilliamson.caseworkermp.com/,
http://mwilson.caseworkermp.com,1,302,http://mwilson.caseworkermp.com,
,,200,https://mwilson.caseworkermp.com/,
http://swilson.caseworkermp.com,1,302,http://swilson.caseworkermp.com,
,,200,https://swilson.caseworkermp.com/,
http://pwishart.caseworkermp.com,1,302,http://pwishart.caseworkermp.com,
,,200,https://pwishart.caseworkermp.com/,
http://switherden.caseworkermp.com,1,302,http://switherden.caseworkermp.com,
,,200,https://switherden.caseworkermp.com/,
http://mwood.caseworkermp.com,1,302,http://mwood.caseworkermp.com,
,,200,https://mwood.caseworkermp.com/,
http://swoodcock.caseworkermp.com,1,302,http://swoodcock.caseworkermp.com,
,,200,https://swoodcock.caseworkermp.com/,
http://jwright.caseworkermp.com,1,302,http://jwright.caseworkermp.com,
,,200,https://jwright.caseworkermp.com/,
http://rwrighting.caseworkermp.com,1,302,http://rwrighting.caseworkermp.com,
,,200,https://rwrighting.caseworkermp.com/,
http://mwrigley.caseworkermp.com,1,302,http://mwrigley.caseworkermp.com,
,,200,https://mwrigley.caseworkermp.com/,
http://yyang.caseworkermp.com,1,302,http://yyang.caseworkermp.com,
,,200,https://yyang.caseworkermp.com/,
http://myasin.caseworkermp.com,1,302,http://myasin.caseworkermp.com,
,,200,https://myasin.caseworkermp.com/,
http://syemm.caseworkermp.com,1,302,http://syemm.caseworkermp.com,
,,200,https://syemm.caseworkermp.com/,
http://cyoung.caseworkermp.com,1,302,http://cyoung.caseworkermp.com,
,,200,https://cyoung.caseworkermp.com/,
http://dzeichner.caseworkermp.com,1,302,http://dzeichner.caseworkermp.com,
,,200,https://dzeichner.caseworkermp.com/,
https://jimallister.caseworkermp.com,0,500,https://jimallister.caseworkermp.com,
https://rfhlaithbegley.caseworkermp.com,0,500,https://rfhlaithbegley.caseworkermp.com,
https://alancampbell.caseworkermp.com,0,500,https://alancampbell.caseworkermp.com,
https://gregorycampbell.caseworkermp.com,0,500,https://gregorycampbell.caseworkermp.com,
https://wendychamberlain.caseworkermp.com,0,200,https://wendychamberlain.caseworkermp.com,
https://christopherchope.caseworkermp.com,0,500,https://christopherchope.caseworkermp.com,
https://stellacreasy.caseworkermp.com,0,500,https://stellacreasy.caseworkermp.com,
https://pauldavies.caseworkermp.com,0,200,https://pauldavies.caseworkermp.com,
https://alexdaviesjones.caseworkermp.com,0,200,https://alexdaviesjones.caseworkermp.com,
https://daviddavis.caseworkermp.com,0,200,https://daviddavis.caseworkermp.com,
https://anneliesedodds.caseworkermp.com,0,200,https://anneliesedodds.caseworkermp.com,
https://johnfinucane.caseworkermp.com,0,500,https://johnfinucane.caseworkermp.com,
https://rogergale.caseworkermp.com,0,500,https://rogergale.caseworkermp.com,
https://johnhayes.caseworkermp.com,0,500,https://johnhayes.caseworkermp.com,
https://bernardjenkin.caseworkermp.com,0,500,https://bernardjenkin.caseworkermp.com,
https://davidlammy.caseworkermp.com,0,500,https://davidlammy.caseworkermp.com,
https://edwardleigh.caseworkermp.com,0,500,https://edwardleigh.caseworkermp.com,
https://emmalewell.caseworkermp.com,0,500,https://emmalewell.caseworkermp.com,
https://julianlewis.caseworkermp.com,0,500,https://julianlewis.caseworkermp.com,
https://seemamalhotra.caseworkermp.com,0,500,https://seemamalhotra.caseworkermp.com,
https://paulmaskey.caseworkermp.com,0,500,https://paulmaskey.caseworkermp.com,
https://siobhainmcdonagh.caseworkermp.com,0,200,https://siobhainmcdonagh.caseworkermp.com,
https://johnmartinmcdonnell.caseworkermp.com,0,500,https://johnmartinmcdonnell.caseworkermp.com,
https://andrewmitchell.caseworkermp.com,0,500,https://andrewmitchell.caseworkermp.com,
https://joemorris.caseworkermp.com,0,200,https://joemorris.caseworkermp.com,
https://andrewslaughter.caseworkermp.com,0,500,https://andrewslaughter.caseworkermp.com,
